env_final_equity,nautilus_final_equity,abs_diff,env_cum_return,nautilus_cum_return
111103.87439883103,111103.87300000002,0.0013988310092827305,0.11103874398831026,0.11107761954997031
