{
  "model": "random walk F=H=I_4, OHLC only (Volume excluded, KALMAN-A01)",
  "library": "pykalman.KalmanFilter (.em + .filter, no smoothing)",
  "em": {
    "tol": 1e-06,
    "converged": true,
    "n_iter": 511,
    "loglik_first": -27675.196731776952,
    "loglik_last": -26088.8796439914,
    "loglik_history": [
      -27675.196731776952,
      -26848.31710800723,
      -26725.429250954905,
      -26676.570786787786,
      -26639.30786098024,
      -26606.752045595225,
      -26577.6636350734,
      -26551.466500761217,
      -26527.7403103769,
      -26506.149076417692,
      -26486.417760213968,
      -26468.318173444284,
      -26451.658961575406,
      -26436.278171338097,
      -26422.037614909932,
      -26408.818526638457,
      -26396.518169413604,
      -26385.04715053991,
      -26374.327275417963,
      -26364.289814192303,
      -26354.874089228455,
      -26346.02631450874,
      -26337.698634776905,
      -26329.84832449547,
      -26322.437115729124,
      -26315.43063083978,
      -26308.797901000424,
      -26302.51095544439,
      -26296.544469381748,
      -26290.875460855867,
      -26285.48302864796,
      -26280.34812478673,
      -26275.453356370814,
      -26270.78281233216,
      -26266.321911512547,
      -26262.057269023153,
      -26257.976578349444,
      -26254.068507062806,
      -26250.322604329816,
      -26246.729218685465,
      -26243.2794247602,
      -26239.964957841847,
      -26236.77815531197,
      -26233.71190412861,
      -26230.759593641196,
      -26227.915073117998,
      -26225.17261344826,
      -26222.526872550894,
      -26219.97286407923,
      -26217.50592906456,
      -26215.12171018356,
      -26212.816128372997,
      -26210.585361547626,
      -26208.425825206737,
      -26206.334154737528,
      -26204.30718924785,
      -26202.34195677672,
      -26200.43566075006,
      -26198.58566756243,
      -26196.78949517761,
      -26195.044802654455,
      -26193.349380511387,
      -26191.70114185448,
      -26190.09811419934,
      -26188.538431926034,
      -26187.020329310923,
      -26185.54213408594,
      -26184.10226147913,
      -26182.699208696602,
      -26181.33154980754,
      -26179.99793100085,
      -26178.697066180466,
      -26177.427732873526,
      -26176.18876842563,
      -26174.97906646013,
      -26173.797573581192,
      -26172.643286301267,
      -26171.515248174983,
      -26170.412547125376,
      -26169.334312945975,
      -26168.279714966968,
      -26167.24795987208,
      -26166.238289656612,
      -26165.24997971407,
      -26164.282337044897,
      -26163.33469857608,
      -26162.40642958502,
      -26161.496922220278,
      -26160.605594111876,
      -26159.73188706605,
      -26158.875265836934,
      -26158.035216972272,
      -26157.211247725532,
      -26156.402885032257,
      -26155.609674545412,
      -26154.831179725305,
      -26154.066980982025,
      -26153.316674865553,
      -26152.579873301118,
      -26151.856202867253,
      -26151.145304113365,
      -26150.446830914283,
      -26149.76044985978,
      -26149.08583967668,
      -26148.422690682397,
      -26147.77070426639,
      -26147.129592399542,
      -26146.49907716856,
      -26145.878890334527,
      -26145.26877291413,
      -26144.668474782513,
      -26144.07775429528,
      -26143.496377930165,
      -26142.92411994633,
      -26142.360762060394,
      -26141.806093138337,
      -26141.259908902706,
      -26140.722011653233,
      -26140.192210001595,
      -26139.670318618544,
      -26139.156157992733,
      -26138.649554201485,
      -26138.150338691543,
      -26137.65834807011,
      -26137.17342390658,
      -26136.695412541358,
      -26136.22416490489,
      -26135.759536344452,
      -26135.30138645874,
      -26134.849578939327,
      -26134.403981419946,
      -26133.9644653312,
      -26133.530905763626,
      -26133.10318133393,
      -26132.68117405955,
      -26132.264769237183,
      -26131.853855326346,
      -26131.4483238392,
      -26131.048069233315,
      -26130.652988810136,
      -26130.26298261663,
      -26129.877953352367,
      -26129.497806278778,
      -26129.12244913364,
      -26128.751792047522,
      -26128.385747465236,
      -26128.02423006856,
      -26127.667156703785,
      -26127.314446310906,
      -26126.96601985603,
      -26126.621800266785,
      -26126.281712369077,
      -26125.945682827994,
      -26125.61364008899,
      -26125.285514323485,
      -26124.96123737406,
      -26124.640742704392,
      -26124.32396534805,
      -26124.01084186246,
      -26123.701310281896,
      -26123.395310073498,
      -26123.092782094896,
      -26122.79366855228,
      -26122.49791296162,
      -26122.205460110006,
      -26121.916256019063,
      -26121.6302479091,
      -26121.347384165056,
      -26121.067614303025,
      -26120.790888938714,
      -26120.517159756466,
      -26120.246379479286,
      -26119.97850184034,
      -26119.713481554758,
      -26119.451274293548,
      -26119.191836656657,
      -26118.935126148303,
      -26118.681101152928,
      -26118.429720911274,
      -26118.180945498658,
      -26117.93473580134,
      -26117.691053496816,
      -26117.4498610324,
      -26117.211121605855,
      -26116.974799145675,
      -26116.740858292575,
      -26116.50926438163,
      -26116.279983424083,
      -26116.05298209163,
      -26115.828227698694,
      -26115.60568818746,
      -26115.385332111415,
      -26115.16712862122,
      -26114.95104745005,
      -26114.73705889917,
      -26114.52513382445,
      -26114.315243623176,
      -26114.107360221038,
      -26113.901456059804,
      -26113.69750408527,
      -26113.495477734356,
      -26113.29535092615,
      -26113.09709804787,
      -26112.900693946343,
      -26112.706113916298,
      -26112.5133336907,
      -26112.322329430615,
      -26112.13307771561,
      -26111.94555553423,
      -26111.759740275447,
      -26111.57560971914,
      -26111.39314202839,
      -26111.212315739907,
      -26111.033109756783,
      -26110.8555033404,
      -26110.679476102297,
      -26110.50500799694,
      -26110.33207931475,
      -26110.160670674442,
      -26109.99076301651,
      -26109.822337595993,
      -26109.65537597642,
      -26109.489860022644,
      -26109.325771896234,
      -26109.163094047304,
      -26109.00180921004,
      -26108.84190039582,
      -26108.683350888972,
      -26108.52614423951,
      -26108.3702642593,
      -26108.215695016457,
      -26108.062420829854,
      -26107.91042626484,
      -26107.759696126996,
      -26107.610215458903,
      -26107.461969534677,
      -26107.314943856007,
      -26107.169124147076,
      -26107.02449635134,
      -26106.881046625684,
      -26106.738761338267,
      -26106.59762706267,
      -26106.457630575278,
      -26106.318758851274,
      -26106.180999059878,
      -26106.044338562424,
      -26105.908764907166,
      -26105.774265826774,
      -26105.640829234682,
      -26105.50844322168,
      -26105.37709605293,
      -26105.24677616382,
      -26105.1174721587,
      -26104.98917280625,
      -26104.861867036612,
      -26104.73554393934,
      -26104.61019276023,
      -26104.485802898205,
      -26104.362363903052,
      -26104.23986547189,
      -26104.118297447603,
      -26103.997649816178,
      -26103.87791270326,
      -26103.759076372764,
      -26103.641131224314,
      -26103.524067790368,
      -26103.40787673374,
      -26103.29254884669,
      -26103.1780750474,
      -26103.064446378536,
      -26102.95165400506,
      -26102.839689211098,
      -26102.72854339989,
      -26102.618208090204,
      -26102.508674914996,
      -26102.39993561973,
      -26102.29198205997,
      -26102.184806199948,
      -26102.078400110608,
      -26101.972755967596,
      -26101.86786605018,
      -26101.763722739277,
      -26101.660318515642,
      -26101.55764595811,
      -26101.455697742746,
      -26101.35446664012,
      -26101.253945515484,
      -26101.15412732489,
      -26101.055005116352,
